Kp_theta_flip,Kd_theta_flip
-18.370154254209258,-2.8484417233074883
